{
  "method": "bm25_child",
  "golden_query_count": 50,
  "child_chunk_count": 944,
  "top_k_values": [
    1,
    3,
    5,
    10
  ],
  "bm25_k1": 1.5,
  "bm25_b": 0.75,
  "hit@1": 0.68,
  "recall@1": 0.31,
  "mrr@1": 0.68,
  "hit@3": 0.78,
  "recall@3": 0.47,
  "mrr@3": 0.7266666666666667,
  "hit@5": 0.92,
  "recall@5": 0.57,
  "mrr@5": 0.7586666666666667,
  "hit@10": 0.96,
  "recall@10": 0.77,
  "mrr@10": 0.7642222222222222
}