{
  "method": "hybrid_rrf_grid_search",
  "rrf_k": 30,
  "bm25_weight": 0.0,
  "embedding_weight": 1.0,
  "parent_weight": 1.0,
  "hit@1": 0.86,
  "recall@1": 0.39666666666666667,
  "mrr@1": 0.86,
  "hit@3": 0.96,
  "recall@3": 0.6733333333333333,
  "mrr@3": 0.9033333333333333,
  "hit@5": 1.0,
  "recall@5": 0.8,
  "mrr@5": 0.9123333333333333,
  "hit@10": 1.0,
  "recall@10": 0.9466666666666667,
  "mrr@10": 0.9123333333333333
}