{
  "method": "hybrid_rrf",
  "golden_query_count": 50,
  "child_chunk_count": 944,
  "top_k_values": [
    1,
    3,
    5,
    10
  ],
  "rrf_k": 60,
  "source_weights": {
    "bm25_child": 1.0,
    "embedding_child": 1.0,
    "parent_expansion": 0.8
  },
  "sources": [
    "bm25_child",
    "embedding_child",
    "parent_bm25_child_expansion"
  ],
  "hit@1": 0.82,
  "recall@1": 0.37666666666666665,
  "mrr@1": 0.82,
  "hit@3": 0.92,
  "recall@3": 0.6,
  "mrr@3": 0.8666666666666667,
  "hit@5": 0.96,
  "recall@5": 0.7,
  "mrr@5": 0.8766666666666667,
  "hit@10": 1.0,
  "recall@10": 0.8666666666666667,
  "mrr@10": 0.8822222222222222,
  "previous_metrics_summary": {
    "bm25_child_recall@10": 0.77,
    "embedding_child_recall@10": 0.93,
    "parent_expanded_child_recall@parent10": 0.9
  }
}